<?xml version="1.0" encoding="UTF-8" ?>
<!DOCTYPE mapper PUBLIC "-//mybatis.org//DTD Mapper 3.0//EN" "http://mybatis.org/dtd/mybatis-3-mapper.dtd">
<mapper namespace="com.jeeplus.modules.datamanager.tmonitorsectionautopredict.mapper.TMonitorSectionAutoPredictMapper">
    
	<sql id="tMonitorSectionAutoPredictColumns">
		a.id AS "id",
		a.base_start_time AS "baseStartTime",
		a.base_end_time AS "baseEndTime",
		a.execute_time AS "executeTime",
		a.predict_time AS "predictTime",
		a.section_code AS "sectionCode",
		a.section_name AS "sectionName",
		a.water_status AS "waterStatus",
		a.is_standards AS "isStandards",
		a.excessive_factor AS "excessiveFactor",
		a.water_temperature AS "waterTemperature",
		a.water_temperature1 AS "waterTemperature1",
		a.water_temperature2 AS "waterTemperature2",
		a.ph_value AS "phValue",
		a.ph_value1 AS "phValue1",
		a.ph_value2 AS "phValue2",
		a.dissolved_oxygen AS "dissolvedOxygen",
		a.dissolved_oxygen1 AS "dissolvedOxygen1",
		a.dissolved_oxygen2 AS "dissolvedOxygen2",
		a.conductivity AS "conductivity",
		a.conductivity1 AS "conductivity1",
		a.conductivity2 AS "conductivity2",
		a.turbidity AS "turbidity",
		a.turbidity1 AS "turbidity1",
		a.turbidity2 AS "turbidity2",
		a.permanganate_index AS "permanganateIndex",
		a.permanganate_index1 AS "permanganateIndex1",
		a.permanganate_index2 AS "permanganateIndex2",
		a.ammonia AS "ammonia",
		a.ammonia1 AS "ammonia1",
		a.ammonia2 AS "ammonia2",
		a.total_phosphorus AS "totalPhosphorus",
		a.total_phosphorus1 AS "totalPhosphorus1",
		a.total_phosphorus2 AS "totalPhosphorus2",
		a.total_nitrogen AS "totalNitrogen",
		a.total_nitrogen1 AS "totalNitrogen1",
		a.total_nitrogen2 AS "totalNitrogen2"
	</sql>
	
	<sql id="tMonitorSectionAutoPredictJoins">
		
	</sql>
	
    
	<select id="get" resultType="TMonitorSectionAutoPredict" >
		SELECT 
			<include refid="tMonitorSectionAutoPredictColumns"/>
		FROM t_monitor_section_auto_predict a
		<include refid="tMonitorSectionAutoPredictJoins"/>
		WHERE a.id = #{id}
	</select>
	
	<select id="findList" resultType="TMonitorSectionAutoPredict" >
		SELECT 
			<include refid="tMonitorSectionAutoPredictColumns"/>
		FROM t_monitor_section_auto_predict a
		<include refid="tMonitorSectionAutoPredictJoins"/>
		<where>
			
			${dataScope}
			<if test="beginExecuteTime != null and endExecuteTime != null ">
				AND a.execute_time BETWEEN #{beginExecuteTime} AND #{endExecuteTime}
			</if>
			<if test="sectionName != null and sectionName != ''">
				AND a.section_name LIKE
				    <if test="_databaseId == 'postgre'">'%'||#{sectionName}||'%'</if>
					<if test="_databaseId == 'oracle'">'%'||#{sectionName}||'%'</if>
					<if test="_databaseId == 'mssql'">'%'+#{sectionName}+'%'</if>
					<if test="_databaseId == 'mysql'">concat('%',#{sectionName},'%')</if>
			</if>
			<if test="waterStatus != null and waterStatus != ''">
				AND a.water_status = #{waterStatus}
			</if>
		</where>
		<choose>
			<when test="page !=null and page.orderBy != null and page.orderBy != ''">
				ORDER BY ${page.orderBy}
			</when>
			<otherwise>
			</otherwise>
		</choose>
	</select>
	
	<select id="findAllList" resultType="TMonitorSectionAutoPredict" >
		SELECT 
			<include refid="tMonitorSectionAutoPredictColumns"/>
		FROM t_monitor_section_auto_predict a
		<include refid="tMonitorSectionAutoPredictJoins"/>
		<where>
			
			${dataScope}
		</where>		
		<choose>
			<when test="page !=null and page.orderBy != null and page.orderBy != ''">
				ORDER BY ${page.orderBy}
			</when>
			<otherwise>
			</otherwise>
		</choose>
	</select>
	
	<insert id="insert">
		INSERT INTO t_monitor_section_auto_predict(
			base_start_time,
			base_end_time,
			execute_time,
			predict_time,
			section_code,
			section_name,
			water_status,
			is_standards,
			excessive_factor,
			water_temperature,
			water_temperature1,
			water_temperature2,
			ph_value,
			ph_value1,
			ph_value2,
			dissolved_oxygen,
			dissolved_oxygen1,
			dissolved_oxygen2,
			conductivity,
			conductivity1,
			conductivity2,
			turbidity,
			turbidity1,
			turbidity2,
			permanganate_index,
			permanganate_index1,
			permanganate_index2,
			ammonia,
			ammonia1,
			ammonia2,
			total_phosphorus,
			total_phosphorus1,
			total_phosphorus2,
			total_nitrogen,
			total_nitrogen1,
			total_nitrogen2
		) VALUES (
			#{baseStartTime},
			#{baseEndTime},
			#{executeTime},
			#{predictTime},
			#{sectionCode},
			#{sectionName},
			#{waterStatus},
			#{isStandards},
			#{excessiveFactor},
			#{waterTemperature},
			#{waterTemperature1},
			#{waterTemperature2},
			#{phValue},
			#{phValue1},
			#{phValue2},
			#{dissolvedOxygen},
			#{dissolvedOxygen1},
			#{dissolvedOxygen2},
			#{conductivity},
			#{conductivity1},
			#{conductivity2},
			#{turbidity},
			#{turbidity1},
			#{turbidity2},
			#{permanganateIndex},
			#{permanganateIndex1},
			#{permanganateIndex2},
			#{ammonia},
			#{ammonia1},
			#{ammonia2},
			#{totalPhosphorus},
			#{totalPhosphorus1},
			#{totalPhosphorus2},
			#{totalNitrogen},
			#{totalNitrogen1},
			#{totalNitrogen2}
		)
	</insert>
	
	<update id="update">
		UPDATE t_monitor_section_auto_predict SET 	
			base_start_time = #{baseStartTime},
			base_end_time = #{baseEndTime},
			execute_time = #{executeTime},
			predict_time = #{predictTime},
			section_code = #{sectionCode},
			section_name = #{sectionName},
			water_status = #{waterStatus},
			is_standards = #{isStandards},
			excessive_factor = #{excessiveFactor},
			water_temperature = #{waterTemperature},
			water_temperature1 = #{waterTemperature1},
			water_temperature2 = #{waterTemperature2},
			ph_value = #{phValue},
			ph_value1 = #{phValue1},
			ph_value2 = #{phValue2},
			dissolved_oxygen = #{dissolvedOxygen},
			dissolved_oxygen1 = #{dissolvedOxygen1},
			dissolved_oxygen2 = #{dissolvedOxygen2},
			conductivity = #{conductivity},
			conductivity1 = #{conductivity1},
			conductivity2 = #{conductivity2},
			turbidity = #{turbidity},
			turbidity1 = #{turbidity1},
			turbidity2 = #{turbidity2},
			permanganate_index = #{permanganateIndex},
			permanganate_index1 = #{permanganateIndex1},
			permanganate_index2 = #{permanganateIndex2},
			ammonia = #{ammonia},
			ammonia1 = #{ammonia1},
			ammonia2 = #{ammonia2},
			total_phosphorus = #{totalPhosphorus},
			total_phosphorus1 = #{totalPhosphorus1},
			total_phosphorus2 = #{totalPhosphorus2},
			total_nitrogen = #{totalNitrogen},
			total_nitrogen1 = #{totalNitrogen1},
			total_nitrogen2 = #{totalNitrogen2}
		WHERE id = #{id}
	</update>
	
	
	<!--物理删除-->
	<update id="delete">
		DELETE FROM t_monitor_section_auto_predict
		WHERE id = #{id}
	</update>
	
	<!--逻辑删除-->
	<update id="deleteByLogic">
		UPDATE t_monitor_section_auto_predict SET 
			del_flag = #{DEL_FLAG_DELETE}
		WHERE id = #{id}
	</update>
	
	
	<!-- 根据实体名称和字段名称和字段值获取唯一记录 -->
	<select id="findUniqueByProperty" resultType="TMonitorSectionAutoPredict" statementType="STATEMENT">
		select * FROM t_monitor_section_auto_predict  where ${propertyName} = '${value}'
	</select>

	<select id="findWl7rszzyc" resultType="TMonitorSectionAutoApps">
		SELECT
			CONVERT(varchar(10),a.predict_time,120) AS "dateTime",
			concat('',a.ammonia) AS ammonia,
			concat('',a.permanganate_index) AS "permanganateIndex",
			concat('',a.total_phosphorus) AS "totalPhosphorus",
			concat('',a.total_nitrogen) AS "totalNitrogen",
			concat('',a.ph_value) AS "phValue"
		FROM
			t_monitor_section_auto_predict a
		where a.id in (
			SELECT
				max(id)
			FROM
				t_monitor_section_auto_predict
			where section_code = #{sectionCode} and base_end_time BETWEEN #{beginDateTime} and #{endDateTime}
			GROUP BY PREDICT_TIME
		)
		ORDER BY a.predict_time
	</select>
	
</mapper>